Date,InflacionNacional,Salarios,Precios.EUA,Tipo.de.cambio,Industria.EUA,Actividades.Primarioas,Actividades.Secundarias,Actividades.Terciarias,Mineria,Manufactura,Construccion,Energia,Desempleo,Billetes.y.monedas,Ingreso.Mexico,TIIE28,TIIE91
1/1/2000,44.93083012,91.1331,168.8,9.4793,90.46546,97.68293667,89.18938785,70.79859405,105.6759117,87.89587317,83.72000207,52.04923176,,157161287,77.93002867,18.55,18.69
1/2/2000,45.32938031,90.3318,169.8,9.4456,90.71638,71.46230372,88.97707697,71.33815274,95.46215042,90.93187966,86.23537443,51.28142694,,150126022,77.36731601,18.15,18.12
1/3/2000,45.58068078,89.8338,171.2,9.2959,91.06192,75.02932688,92.54516681,73.9850482,105.6354699,94.63708616,83.50798468,53.41032726,,152919896,80.35795005,15.77,15.86
1/4/2000,45.84001827,89.3255,171.3,9.3748,91.73168,66.05232364,85.82142342,72.7565837,101.8218863,85.72060735,77.365379,53.20141251,,158846323,77.00756379,14.74,15.1
1/5/2000,46.01137907,88.9928,171.5,9.5081,91.87799,86.49481193,91.38453707,77.20699908,105.6679758,93.89009462,79.55960162,56.07195034,,157679406,82.34330513,15.92,16.77
1/6/2000,46.28392024,88.4688,172.4,9.7978,91.96857,87.2973812,91.16796274,76.00547697,102.5638786,93.75992863,81.71454414,56.82728535,,165529481,81.54154495,17.44,17.73
1/7/2000,46.46446621,88.1251,172.8,9.4688,91.83582,71.02203701,91.72600226,73.47165526,99.32487536,95.5284585,83.3785009,57.06542872,,162172830,79.62972564,15.13,15.4
1/8/2000,46.71978519,87.6435,172.8,9.2846,91.56587,63.10900986,95.54341012,74.28055536,108.3944506,94.70291997,92.6912078,57.82074525,,157692618,81.19074104,16.62,16.84
1/9/2000,47.0610716,87.0079,173.7,9.3319,91.91862,61.61035809,93.85349852,73.64038974,104.6747906,93.38495102,91.69596063,58.35177854,,161376238,80.16487264,16.77,17.13
1/10/2000,47.38513583,86.4128,174,9.5182,91.64292,69.86451153,91.43746531,75.56953318,98.8442545,95.26778341,82.99979475,57.83800843,,162822860,80.80958458,17.38,17.99
1/11/2000,47.79028786,85.6802,174.1,9.5179,91.6606,91.53813406,89.18026287,75.87726696,98.60336095,92.96328943,78.7671635,56.3491225,,175112072,80.91618573,18.64,18.76
1/12/2000,48.30767118,84.7626,174,9.4439,91.41669,104.6341719,86.05182629,74.66001713,103.9380603,84.45574773,78.827259,54.19761153,,208879867,79.4983014,18.39,18.39
1/1/2001,48.57547625,90.1758,175.1,9.7701,90.82906,89.17956017,90.56842112,72.85822868,108.6786929,92.09198078,77.35635194,54.41724591,,181718698,79.42345815,18.62,18.86
1/2/2001,48.54332816,90.2355,175.8,9.7027,90.27698,70.99750202,86.75003695,71.06272436,99.10043583,89.30088868,76.29562715,53.29755215,,175896436,76.41925803,18.12,18.36
1/3/2001,48.85088778,89.6674,176.2,9.6182,90.03663,77.87205877,91.08970161,75.28890456,110.2996903,92.99722982,75.95139327,55.24167309,,176028084,80.76787399,17.28,17.22
1/4/2001,49.09730863,89.2174,176.9,9.3508,89.77859,73.66007416,83.27774461,74.59463728,100.6310509,85.34786156,67.85543386,55.89845925,,174570670,77.53115471,16.36,16.31
1/5/2001,49.20997046,89.0131,177.7,9.1467,89.22863,88.92847936,88.42471914,77.80515205,104.5109894,92.49650565,70.46073146,58.50732575,,178269919,81.78408863,14.09,14.22
1/6/2001,49.32636377,88.8031,178,9.0957,88.69788,95.95649154,88.09768709,75.75127555,104.271652,90.28069397,73.71135287,59.96164383,,180702903,80.60700763,11.64,11.9
1/7/2001,49.19820196,89.0344,177.5,9.156,88.19651,77.28792746,89.68919762,73.78015723,108.832789,88.55146829,79.81128728,60.21471008,,178256186,79.32531291,11.1,11.6
1/8/2001,49.48968755,88.51,177.5,9.1272,88.07653,72.99001924,92.73368463,74.35056844,108.7711036,90.89109854,87.61763652,61.76153218,,178960066,80.58703206,9.29,10.22
1/9/2001,49.95038115,87.6937,178.3,9.3841,87.73992,67.73800116,90.2033464,72.29702805,104.0756049,88.33269707,86.78303137,61.3498059,,182150763,78.26957299,10.95,12.19
1/10/2001,50.17613537,87.2991,177.7,9.3685,87.35989,74.44063095,88.9241532,75.37475451,102.9363352,90.99681444,76.77474272,61.0747591,,181038815,79.97355149,10.34,11.16
1/11/2001,50.36514891,86.9715,177.4,9.2223,86.92414,109.5636115,87.54402187,74.54857342,104.1104486,88.91148654,74.49772483,59.51661014,,193892127,80.09389924,8.9,10.21
1/12/2001,50.43489879,86.8512,176.7,9.1672,86.95267,104.3373201,85.84359363,74.14100903,110.5277565,81.73704667,76.72574875,57.75724216,,225222732,79.09246904,7.94,8.87
1/1/2002,50.90047201,91.0273,177.1,9.1614,87.50322,91.80873702,86.94423835,71.45070789,110.922522,85.84444865,72.93747368,54.69858221,,206861996,77.38628519,7.97,8.44
1/2/2002,50.86774985,91.0859,177.8,9.1062,87.48563,77.92186888,83.08938255,70.61878253,98.1544908,83.79051806,73.17834184,53.64086102,,202219512,75.10931544,8.99,9.06
1/3/2002,51.12794844,90.6224,178.8,9.0809,88.18826,76.29776769,84.52261531,73.13098,107.24483,84.70983308,68.54315862,54.41079902,,215888760,77.12227256,8.47,8.61
1/4/2002,51.40723497,90.13,179.8,9.1317,88.55359,74.74049734,87.37779398,77.56905225,104.7061128,89.36019195,72.87883116,56.46214184,,201136312,80.83023525,6.85,7.12
1/5/2002,51.51142923,89.9477,179.8,9.4899,88.92372,88.61276647,87.5382297,78.76019932,108.0746782,88.70403576,71.11260987,59.63861698,,209329007,82.06994201,7.73,7.63
1/6/2002,51.76258618,89.5113,179.9,9.7378,89.77245,91.79164106,85.90853622,75.74111485,104.6892145,86.43993721,72.06845413,60.18069285,,211830242,79.72127029,8.42,8.65
1/7/2002,51.91118135,89.255,180.1,9.7978,89.55909,80.66635007,88.16122113,75.4027526,107.0380968,87.67237058,76.6458333,61.21920201,,209417287,79.92718376,8.34,8.73
1/8/2002,52.1085603,88.917,180.7,9.8258,89.55794,70.919566,90.83059477,75.04329332,109.321864,89.07860949,82.97283577,60.90393463,,210266104,80.30576052,7.61,7.95
1/9/2002,52.42198356,88.3853,181,10.0425,89.68542,65.95274821,88.66900201,73.39961409,102.9354459,87.00990781,84.17665195,61.03658598,,210993609,78.38017956,8.37,8.74
1/10/2002,52.65303609,87.9975,181.3,10.0961,89.41711,74.93384271,91.26659868,76.68048051,109.9969555,92.02484828,78.08751072,60.10198287,,213941744,81.60773821,8.67,9.1
1/11/2002,53.07887728,87.2915,181.3,10.2032,89.87678,101.3319959,86.97647347,75.27480213,101.0281081,89.22315919,74.79467387,57.26363942,,227456663,80.09518194,8.33,8.73
1/12/2002,53.3099298,86.9132,180.9,10.1982,89.44439,103.0306564,85.88097415,76.4168666,109.7696156,82.33601004,76.46406937,57.10866581,,263936897,80.49050665,8.26,8.64
1/1/2003,53.52544068,90.4623,181.7,10.5762,89.96371,95.03242731,87.55965964,73.96188925,113.2279424,84.1167786,76.61109123,56.89554179,,246101980,79.27240857,9.14,9.38
1/2/2003,53.67412245,90.2117,183.1,10.9216,90.25008,79.45664687,85.7901702,72.365963,102.2072828,83.69882979,80.62187264,55.90913621,,241402098,77.17552598,9.91,9.85
1/3/2003,54.01293041,89.6458,184.2,10.9427,90.04594,77.90421408,89.6377404,75.39556456,114.2631951,87.02949644,78.07063536,58.15829454,,237849553,80.33977419,9.96,10.04
1/4/2003,54.1051442,89.493,183.8,10.6324,89.41817,76.30862345,86.58879124,76.51720008,107.3922571,84.84293861,76.28858978,57.7844985,,243730756,79.95094291,8.58,8.7
1/5/2003,53.93055967,89.7827,183.5,10.2506,89.43613,87.63843021,88.7385824,78.50373545,112.4511329,88.04951858,73.11394266,61.43830064,,246356274,82.28842893,5.92,6.74
1/6/2003,53.9751124,89.7086,183.7,10.4953,89.58426,100.7289205,88.50998848,76.62035448,110.2867304,87.15546716,75.88159686,62.52288274,,240017485,81.44337652,5.79,6.19
1/7/2003,54.0533387,89.5788,183.9,10.4434,89.97188,86.29448942,89.92035933,75.76937772,113.4587584,86.96087162,79.04295743,63.86685358,,242514288,80.93570275,5.3,5.7
1/8/2003,54.21548991,89.3109,184.6,10.7327,89.83575,70.41856852,90.56314967,73.80110351,114.4863378,86.54938464,81.8255383,63.20788772,,242435364,79.41994827,4.97,5.54
1/9/2003,54.53823816,88.7824,185.2,10.9255,90.36728,68.49829559,89.76944086,73.96161373,109.4480153,87.53414348,81.27019278,62.51633613,,238702501,79.1887702,5.05,5.5
1/10/2003,54.73820739,88.458,185,11.1704,90.50139,69.0315562,92.1142122,76.94895277,113.6979649,91.39023313,79.20327676,61.78281715,,247925945,81.87908362,5.6,5.93
1/11/2003,55.19254161,87.7298,184.5,11.1145,91.20064,109.7181321,87.16167484,75.61157778,109.540933,86.38258871,72.86068461,60.54788829,,260002337,80.63448726,5.35,5.83
1/12/2003,55.42981079,87.3543,184.3,11.2629,91.12926,111.1120654,89.23808916,78.71062143,115.3143001,85.45020279,78.71240881,58.19082101,,303614089,83.33034323,6.4,6.57
1/1/2004,55.77431735,90.5085,185.2,10.9308,91.36808,106.6980003,90.62396031,74.34866357,116.6561538,84.8867015,83.59942904,63.00003161,,278373115,80.93012727,5.36,5.55
1/2/2004,56.10794476,89.9703,186.2,11.0128,91.91373,87.08821729,87.63734862,74.19467159,107.877841,84.09070143,81.10063487,61.83914283,,273567978,79.19387501,5.79,6.07
1/3/2004,56.29807094,89.6665,187.4,10.9984,91.45934,79.05485845,95.1665419,79.64430164,115.959593,92.75634525,86.44380289,65.60083931,,267424553,84.92788676,6.49,6.55
1/4/2004,56.38303195,89.5314,188,11.2535,91.87078,78.56885843,90.99718579,78.76353106,112.5153502,87.68637068,82.91846008,64.31901745,,273090802,82.93624765,6.17,6.37
1/5/2004,56.24160294,89.7565,189.1,11.5119,92.60145,90.34383817,91.87466454,81.36566376,115.7100305,89.43644983,79.27017959,67.4810619,,276652472,85.23905985,6.95,7.31
1/6/2004,56.33174451,89.6129,189.7,11.379,91.84187,98.24648064,92.86591021,81.03629385,113.1283748,90.90284529,82.51373302,69.17049661,,278847001,85.62087225,7.02,7.59
1/7/2004,56.47939018,89.3786,189.4,11.4735,92.5464,83.48873062,92.17359664,77.88080935,112.7953242,89.26576292,83.04741241,70.67410624,,281999486,82.94022336,7.11,7.63
1/8/2004,56.82804118,88.8303,189.5,11.3957,92.61634,68.02182577,93.28556627,78.36103023,113.6482315,90.83638089,83.59609937,70.96200483,,277136443,83.13242008,7.5,7.84
1/9/2004,57.29791705,88.1018,189.9,11.4858,92.69665,65.611203,93.59537285,76.82213908,111.7592988,91.01031948,86.47692868,70.34518462,,280788968,82.19748063,7.78,8.06
1/10/2004,57.69474717,87.4958,190.9,11.3864,93.57698,73.4868333,94.85267031,79.19422949,116.2736886,92.91874891,83.63596485,69.6619027,,285219272,84.3626462,8.05,8.46
1/11/2004,58.1868994,86.7558,191,11.3938,93.77872,115.6004223,91.94486454,81.17504354,110.5137363,91.05133806,81.17001865,67.05816203,,294824968,85.94149297,8.6,8.85
1/12/2004,58.30708815,86.577,190.3,11.21,94.45856,113.8495273,91.63171314,81.89505758,110.3985309,89.12349961,84.436708,65.10003661,,340177672,86.23052623,8.93,9.03
1/1/2005,58.30916037,90.461,190.7,11.2556,94.90238,97.84772868,92.06422652,76.12894044,116.5095338,86.25213246,85.8933352,68.49691355,3.95199787,316646595,82.25840689,8.97,9.03
1/2/2005,58.50343099,90.1606,191.8,11.1502,95.54082,84.21441963,89.16606861,76.22743734,105.0437837,86.82894383,83.36841673,67.55243806,3.77330244,307241459,80.89945052,9.47,9.59
1/3/2005,58.76712098,89.756,193.3,11.1326,95.40691,73.92945161,93.26791341,78.86099142,113.9724051,89.5728255,86.33542684,68.80726753,3.62707537,311855795,83.62641643,9.78,9.98
1/4/2005,58.97641519,89.4375,194.6,11.1262,95.55024,77.87828126,95.22123041,82.33143188,113.9506794,93.07146916,86.99692821,70.18746594,3.36341228,306993402,86.59373994,10.01,10.22
1/5/2005,58.82825146,89.6628,194.4,10.992,95.67724,89.26809033,95.29989991,83.78072098,119.142498,92.60218755,82.64727733,73.85111385,3.30369265,307690103,87.88889565,10.12,10.21
1/6/2005,58.77178347,89.7489,194.5,10.834,96.04881,85.55102337,94.26134679,82.08227418,115.1966789,91.30227526,84.21555669,76.382673,3.4821565,314148930,86.35208565,10.01,10.01
1/7/2005,59.00179988,89.399,195.4,10.6931,95.75092,91.47905695,91.00674254,79.46039072,106.9635526,88.08602682,84.65359536,77.93754168,3.9233627,315321675,83.78419232,10.01,10.03
1/8/2005,59.07225536,89.2924,196.4,10.6703,96.01164,71.25309443,96.51345221,81.70182596,118.2698203,93.39864201,86.42299296,76.61982656,3.67007975,306032898,86.43118689,9.98,10.03
1/9/2005,59.30900649,88.936,198.8,10.7791,94.22224,64.60329216,95.23220515,79.8816889,111.0845286,93.18771988,88.37968991,75.88166124,3.578426,312474667,84.64254316,9.65,9.45
1/10/2005,59.45457994,88.7182,199.2,10.8312,95.4097,71.32689195,96.44389617,82.40908388,111.8305976,96.20457926,86.55665127,75.2879288,3.38599539,316469239,86.85308157,9.41,9.25
1/11/2005,59.88249335,88.0842,197.6,10.6903,96.37966,108.0864704,95.68430893,83.84862189,111.3434353,95.11130462,86.57650144,72.89735796,2.93981529,327169713,88.65730076,9.17,9.14
1/12/2005,60.25031239,87.5465,196.8,10.6201,96.97295,104.7714994,96.28400842,84.47664665,116.9409104,91.66759969,91.92472471,69.01135008,2.77001059,380033691,89.15107783,8.72,8.64
1/1/2006,60.60362589,90.5175,198.3,10.5679,97.08621,107.6875794,96.12284578,81.05845776,118.2726927,92.15981667,88.01463491,73.49206435,3.47786875,354740855,87.04556955,8.41,8.16
1/2/2006,60.69635773,90.3793,198.7,10.4813,97.09813,83.93648003,92.24438706,79.64275908,105.3874269,90.46237931,87.37592563,73.08620077,3.74522836,346431301,84.08297386,7.97,7.93
1/3/2006,60.77251181,90.266,199.8,10.7061,97.28843,73.35705105,100.9732195,84.12521606,117.9381999,98.75321795,94.40376726,76.81216395,3.31182028,353043830,89.54008661,7.68,7.78
1/4/2006,60.86161727,90.1338,201.5,11.0206,97.68345,79.75306968,95.35538996,82.97548588,112.8161134,91.29165397,91.22716087,76.20902202,3.19501793,357800129,87.10250315,7.51,7.72
1/5/2006,60.59067451,90.5369,202.5,11.0758,97.58229,95.99230403,100.166735,89.16595179,115.9569625,99.44432833,90.26312382,82.28569855,2.83926121,358023879,93.13935166,7.32,7.59
1/6/2006,60.64299806,90.4588,202.9,11.3864,97.96127,101.920463,99.05763722,86.64664686,110.6009011,99.06238976,90.90787022,84.87290701,3.25883338,369072338,91.36863924,7.33,7.68
1/7/2006,60.80929371,90.2114,203.5,11.0268,97.92553,87.69177471,97.79372577,83.25095894,111.3775501,94.36216901,94.32894792,87.00677136,4.00741845,368681007,88.35889023,7.31,7.57
1/8/2006,61.11960865,89.7534,203.9,10.8739,98.30354,70.6104124,100.9837984,85.38436282,113.3963558,98.4476949,97.28103018,87.45855658,3.87206043,363431699,90.24618198,7.3,7.48
1/9/2006,61.73661213,88.8564,202.9,10.9722,98.10133,65.37654348,99.37283956,82.73375981,109.5406879,96.43282985,98.57370323,86.31856462,3.99579567,367139801,87.86909491,7.31,7.5
1/10/2006,62.00651878,88.4696,201.8,10.9201,98.04839,82.29201242,101.065449,86.90689806,111.5140982,99.62678976,97.30582721,85.51722395,3.81798355,368270537,91.59748671,7.31,7.65
1/11/2006,62.3318573,88.0078,201.5,10.8948,97.94128,111.7595289,98.32294664,86.1946295,107.7755311,97.48489827,94.27041788,82.59410179,3.50289521,395512706,91.1451931,7.3,7.62
1/12/2006,62.69242357,87.5017,201.8,10.865,98.97128,127.5878639,95.66890306,86.39038621,106.1342037,90.96169847,98.99824312,79.38790111,3.31665699,449821289,90.8613771,7.34,7.6
1/1/2007,63.01620793,90.4367,202.416,10.9344,98.45782,103.2022318,97.32462088,83.39236218,113.1572512,94.04284742,92.51044806,81.0201453,4.04674987,409947749,88.77730998,7.41,7.67
1/2/2007,63.19234663,90.1846,203.499,10.988,99.46918,91.06584464,93.92754018,81.05489051,103.3492489,91.46879994,93.36612972,78.13894121,4.05167076,399603547,85.76830906,7.46,7.67
1/3/2007,63.32911314,89.9899,205.352,11.125,99.67035,80.47180475,102.3145794,86.03808271,115.2733205,100.3481415,97.91949814,83.62663896,3.72676021,409813851,91.42207814,7.46,7.68
1/4/2007,63.29129513,90.0436,206.686,10.9924,100.389,83.44338207,96.64861816,85.62346252,110.4119509,93.13385462,94.14431727,81.12678456,3.51300819,400645809,89.32064507,7.47,7.61
1/5/2007,62.98253436,90.4851,207.949,10.8301,100.4275,100.2916636,100.6420521,90.57758192,112.3524,100.2688091,92.92811806,87.49680098,3.15085674,407228336,94.32238149,7.7,7.83
1/6/2007,63.05817039,90.3765,208.352,10.8338,100.4515,111.5496075,99.939546,89.1362083,111.6203629,99.74842424,91.45737941,88.82199273,3.28199333,408726848,93.53460893,7.7,7.82
1/7/2007,63.32600481,89.9943,208.299,10.7963,100.4081,94.31038633,99.20348531,87.01835286,112.8765054,94.91778353,96.92589163,91.12466136,3.79006856,408166585,91.41102434,7.7,7.78
1/8/2007,63.58399619,89.6291,207.917,11.0363,100.6166,75.8382381,100.1828994,88.70199175,102.8025792,100.5467682,98.63328883,91.64485167,3.8310352,410822206,92.21732148,7.71,7.79
1/9/2007,64.07770259,88.9386,208.49,11.045,101.0116,66.04179033,99.36948977,85.26431233,107.6055835,95.35573762,101.7852126,90.83601526,3.76169547,412441187,89.47516627,7.7,7.77
1/10/2007,64.32740509,88.5933,208.936,10.8418,100.5954,87.97235518,103.2958338,91.28000636,108.366196,101.5171321,104.8659701,90.32074572,3.77112469,417007796,95.27996665,7.73,7.78
1/11/2007,64.78122126,87.9727,210.177,10.8658,101.1593,129.3898193,98.23053059,89.60645242,102.2819412,95.73706653,102.0648893,86.38681554,3.35402533,431863490,93.80921868,7.93,8.01
1/12/2007,65.04905568,87.6105,210.036,10.8494,101.2067,110.0116088,96.95519689,89.12114068,107.0220856,88.35714318,108.4461504,83.15326807,3.10613687,494743458,92.45715668,7.93,8
1/1/2008,65.35056368,90.7031,211.08,10.9171,100.9377,104.5406612,98.4140065,86.20442768,108.7261051,94.84366443,99.22166398,83.36254607,4.11706185,459689002,90.95437211,7.93,7.99
1/2/2008,65.5448343,90.4342,211.693,10.7794,100.5926,88.11234125,96.94031393,84.7006185,101.9501628,94.25960508,100.5515105,83.65033808,3.88859328,447828092,88.98933633,7.93,7.93
1/3/2008,66.01989072,89.7835,213.528,10.7346,100.3522,76.0900594,97.25386475,85.23766763,107.0124071,93.54017261,98.46630957,84.32465873,3.61456657,447711242,89.05325087,7.93,7.94
1/4/2008,66.17012666,89.5797,214.823,10.5295,99.59254,85.97136723,100.2676566,92.13026559,101.1115251,99.56236391,104.0945788,84.74074083,3.47955511,445503346,94.71531917,7.94,7.96
1/5/2008,66.09863507,89.6765,216.632,10.4542,99.02796,105.9371524,99.57943052,91.73673957,105.2429007,97.32153868,101.0014805,89.59539607,3.29491468,451301896,94.86434439,7.93,7.96
1/6/2008,66.3721681,89.307,218.815,10.3305,98.78886,108.3442381,99.22912315,91.15464676,102.8918869,97.05213708,102.2057389,90.13598204,3.36795461,447614269,94.45586456,8,8.1
1/7/2008,66.74205936,88.812,219.964,10.239,98.268,99.34700631,99.11790844,91.19559877,104.0033379,94.49084088,105.9082529,91.19697349,4.13338526,463302998,94.15929253,8.28,8.49
1/8/2008,67.12749227,88.3021,219.086,10.0906,96.7569,67.55143423,98.25707065,89.01373672,103.7075333,95.92428294,99.13265247,92.78185621,4.05671164,462796940,91.49308235,8.56,8.71
1/9/2008,67.58493481,87.7044,218.783,10.5744,92.56447,64.13307813,97.19809717,88.30085062,98.49847306,95.97348162,100.1463715,89.35608366,4.14089721,458615354,90.5765024,8.66,8.74
1/10/2008,68.04548569,87.1108,216.573,12.4738,93.45566,89.3707924,101.7996458,92.38681336,104.5370413,99.92388013,105.8718996,88.46452125,4.17178615,477702485,95.50683593,8.68,8.76
1/11/2008,68.81894178,86.1318,212.425,13.0609,92.27483,121.7278934,94.39428591,89.26499453,99.72094,91.1784842,98.17871182,84.39771817,4.32293494,504670542,92.04270682,8.73,8.83
1/12/2008,69.29555236,85.5394,210.228,13.3726,89.58195,125.2413032,93.1152355,89.54943726,102.0255718,85.51035619,103.6323495,79.12414161,4.02480419,577542277,91.89509303,8.74,8.82
1/1/2009,69.45614941,89.2864,211.143,13.8492,87.45048,103.7931385,90.1094698,81.10227836,103.8217928,82.48627911,95.11203754,80.97026335,5.00904125,548576456,84.89590329,8.41,8.41
1/2/2009,69.60949368,89.0897,212.193,14.518,86.87822,81.45283165,85.55696479,79.83559443,93.30902838,80.1472468,90.90606341,79.49979259,5.23817316,539231506,81.84103843,7.94,7.86
1/3/2009,70.00995018,88.5801,212.709,14.7393,85.50546,79.30490871,90.92574674,85.04687862,102.8443419,84.63278859,94.1318867,85.13103913,4.66487867,533819278,86.87362052,7.64,7.54
1/4/2009,70.25499019,88.2711,213.24,13.489,84.82091,88.78047511,88.45400144,81.8275496,98.64948506,81.8985787,93.61366661,83.88457744,5.05535586,537331410,84.3107302,6.68,6.5
1/5/2009,70.05035847,88.529,213.856,13.2167,83.96776,100.3716133,89.43019188,83.53657709,101.4308981,81.38247885,95.3005475,88.5595784,5.23171387,536606477,86.08163767,5.78,5.65
1/6/2009,70.17935416,88.3663,215.693,13.3439,83.64268,107.9747108,89.34387345,86.55492478,95.56645279,83.44597381,95.66289187,90.85987746,4.97563651,531629602,88.18431659,5.26,5.18
1/7/2009,70.37051645,88.1262,215.351,13.3619,84.56403,92.77636079,92.03559384,86.7273856,98.04664847,85.61053475,99.6045143,93.91727412,5.82153796,541061603,88.73171155,4.92,4.91
1/8/2009,70.53888432,87.9159,215.834,13.0015,85.52074,69.68594943,90.78202482,85.0994745,97.30906653,85.82335658,94.23298764,95.16943231,6.14570455,529495386,86.55360061,4.89,4.95
1/9/2009,70.89271587,87.4771,215.969,13.3987,86.16734,64.02743191,91.46259584,84.93425993,95.2644866,87.29633509,96.27676466,93.60156725,6.41981154,524785931,86.50374468,4.91,5
1/10/2009,71.10719063,87.2132,216.177,13.2626,86.44891,82.68395425,95.44518992,89.18897351,98.78415216,93.17101333,97.53997081,93.28378811,5.67001668,534520513,91.12050576,4.91,5
1/11/2009,71.47604578,86.7632,216.33,13.1305,86.79561,120.2902707,92.24637799,89.24173885,94.05531484,91.13925975,93.79094844,87.72346063,5.10901165,547652896,91.24901143,4.93,5.08
1/12/2009,71.77185517,86.4056,215.949,12.8504,87.0547,119.7873446,91.89248136,90.42857455,97.81383112,87.06311378,98.30162111,83.10205458,4.72919858,631937880,91.8561667,4.93,5.07
1/1/2010,72.55204598,89.6225,216.687,12.807,88.07653,93.17137286,92.9820536,83.21684837,102.5697146,85.71375162,100.9780518,84.74242079,5.76104202,600421918,86.86701908,4.91,5.06
1/2/2010,72.97167051,89.1071,216.741,12.9624,88.38624,88.00397218,88.69724222,83.19619274,93.52256644,86.18293783,90.74124787,82.29725289,5.28089391,584170708,85.22717747,4.92,5.03
1/3/2010,73.48972549,88.4789,217.631,12.6138,88.96561,77.41031606,96.82756859,90.57069293,103.3616906,96.02284705,94.06664605,88.13488071,4.74399195,597193947,92.29218588,4.92,5.03
1/4/2010,73.25556464,88.7618,218.009,12.242,89.30145,94.54096369,94.77862463,88.09519801,99.31647921,91.66580589,98.63217781,87.08036667,5.34734688,574362947,90.58181766,4.94,5.03
1/5/2010,72.79397765,89.3246,218.178,12.6826,90.58755,108.8609244,95.14442484,89.91526046,103.4072137,93.41360179,91.46034829,92.6392658,4.99547176,582623188,92.30003453,4.94,5.04
1/6/2010,72.77118323,89.3526,217.965,12.7234,90.71542,109.5311012,95.10319636,91.38917677,98.74737427,94.93572523,91.88166846,95.62745038,4.92164306,577815451,93.23100314,4.94,5.01
1/7/2010,72.92919,89.159,218.011,12.8341,91.10361,98.28933084,95.19346752,90.46701753,98.7388545,92.13523043,97.13550262,101.0934224,5.58516833,593182402,92.32864752,4.92,5.01
1/8/2010,73.1317495,88.912,218.312,12.7261,91.39786,73.33307483,95.68530905,90.234055,99.92886454,95.5555684,91.49162092,97.8007651,5.41578641,584119067,91.56217957,4.9,4.99
1/9/2010,73.51511019,88.4484,218.439,12.861,91.59738,71.46728582,95.02187015,89.0852257,97.14963154,94.09678868,94.41332233,97.75130709,5.65759828,588091817,90.5565026,4.9,4.98
1/10/2010,73.96892635,87.9057,218.711,12.4535,91.35636,84.73511487,97.46939231,92.32948332,98.74361803,96.36130975,98.88914851,96.10348319,5.48130608,590029643,93.8452825,4.87,4.95
1/11/2010,74.56158125,87.207,218.803,12.3251,91.39334,124.819097,95.40901537,94.82053257,94.58555596,95.7851569,96.11126829,91.84576134,5.17235956,605690050,95.96930378,4.87,4.92
1/12/2010,74.93095445,86.7771,219.179,12.4011,92.25437,114.9908448,94.71114549,95.10096193,99.18959102,91.41599679,98.80242114,88.03969986,4.93696896,693423114,95.59619179,4.89,4.95
1/1/2011,75.29599135,89.9023,220.223,12.1477,92.16061,93.80488925,93.95722349,87.97971136,101.927668,90.59356988,94.20745788,90.55777662,5.33701074,648030446,90.20559285,4.86,4.92
1/2/2011,75.57846024,89.5663,221.309,12.0726,91.7556,80.92298554,90.68804212,87.7995471,92.44242076,90.13052311,90.56097921,88.91251029,5.33848434,638281570,88.56896864,4.84,4.88
1/3/2011,75.72345093,89.3948,223.467,12.0173,92.6686,84.91899149,98.17898537,95.09864231,103.4222665,99.75604973,90.36147467,95.52340395,4.6417399,634711772,95.82924142,4.84,4.87
1/4/2011,75.71744095,89.4019,224.906,11.7584,92.34909,83.10055721,94.31199348,90.55086002,98.92082889,91.63430688,95.59109584,94.45532467,5.13063631,645582013,91.60023783,4.85,4.88
1/5/2011,75.15926438,90.0659,225.964,11.6479,92.54333,96.54980595,97.66557192,94.97900465,102.0457401,96.26448083,96.16901855,99.17961951,5.1807634,637597245,95.94632994,4.85,4.88
1/6/2011,75.15550814,90.0704,225.722,11.792,92.78753,92.87091283,98.58914096,95.52617399,98.66402769,97.33870939,100.4692655,102.1118369,5.40078705,635323256,96.48855769,4.85,4.89
1/7/2011,75.51610674,89.6403,225.922,11.676,93.27957,97.36716359,97.67143012,93.77261724,99.34749902,94.39958096,101.8842713,103.3978926,5.47711851,645656105,95.21796753,4.82,4.86
1/8/2011,75.63555502,89.4987,226.545,12.1707,93.8205,77.21542031,99.20407193,96.06058879,100.5349008,97.76465033,99.98154201,104.2558066,5.70524018,635301021,96.53898376,4.81,4.85
1/9/2011,75.82111305,89.2797,226.889,12.9291,93.77151,67.42576922,97.14782587,93.78672598,95.45199075,96.2547547,99.58793973,102.4891405,5.43238833,643273709,94.10200786,4.78,4.8
1/10/2011,76.3327123,88.6813,226.421,13.4808,94.42465,82.54852101,101.6998339,95.86529851,101.9641989,100.1652438,104.8772418,100.891584,4.99339894,651531413,97.43758397,4.79,4.81
1/11/2011,77.15833283,87.7324,226.23,13.6358,94.36644,122.322049,101.4512865,99.81158849,97.96223506,100.101405,108.8620824,95.43326814,4.96127892,675504053,101.0828683,4.8,4.81
1/12/2011,77.79238536,87.0173,225.672,13.7516,94.88269,116.3822668,98.85375761,97.90808779,101.3113679,94.07554528,107.817633,93.22236033,4.50680533,763490940,98.81477672,4.8,4.81
1/1/2012,78.34304946,90.0369,226.665,13.5047,95.45648,94.80309264,97.43132118,93.1666167,102.2595728,96.2353182,96.41288947,92.28962,4.87974373,724693774,94.67508925,4.79,4.8
1/2/2012,78.50231384,89.8543,227.663,12.8014,95.72268,86.97958112,96.61105611,93.05773709,96.89383063,96.78035409,97.0915891,91.10270122,5.28010781,711443511,94.07947863,4.78,4.8
1/3/2012,78.54738867,89.8027,229.392,12.7561,95.25686,87.0552315,101.7435072,98.25285092,104.1332307,103.744115,96.25305022,96.55985152,4.51848892,723848484,99.09144706,4.77,4.79
1/4/2012,78.30097963,90.0853,230.085,13.0512,95.98493,90.14712679,97.35837631,94.72404019,98.94348865,95.95852459,99.14855396,95.76617541,4.8579851,732243958,95.47929756,4.74,4.76
1/5/2012,78.05381934,90.3706,229.815,13.5556,96.15622,101.9841178,102.2249183,99.18963978,103.004799,102.031722,102.0029556,101.6796071,4.6736979,742959467,100.3147405,4.76,4.78
1/6/2012,78.41366669,89.9559,229.478,13.982,96.1103,115.2812054,100.8719585,98.25251075,99.47658443,102.4857068,98.09038111,104.2269599,4.75132601,748818171,99.68527418,4.76,4.78
1/7/2012,78.85389747,89.4536,229.104,13.3894,96.3664,99.49116203,101.88878,97.8960181,100.3587827,99.13539401,108.3717753,106.033468,4.99202873,747220613,99.31029258,4.78,4.79
1/8/2012,79.0905403,89.186,230.379,13.179,95.97177,78.19227873,101.9501799,98.59844754,101.7273155,101.627936,101.9704182,106.3060397,5.32777829,737859785,99.09866082,4.79,4.8
1/9/2012,79.43911894,88.7946,231.407,12.9871,95.96294,65.43879375,99.65364649,94.25524664,97.66352557,98.08796946,103.9744668,104.1582677,4.90520453,728580289,95.18886814,4.8,4.82
1/10/2012,79.84103612,88.3477,231.317,12.8728,96.17889,85.47813061,103.7211892,101.6701312,101.1310627,103.6482566,106.3781596,103.5537163,5.03047598,740223965,101.8591893,4.82,4.84
1/11/2012,80.3834365,87.7515,230.221,13.0872,96.65037,137.3791998,102.4484579,103.7806764,99.94839687,101.3542556,107.9361117,98.59631703,5.04764898,758617346,104.387094,4.84,4.86
1/12/2012,80.56824328,87.912,229.601,12.867,96.95461,127.6087334,96.78053509,101.2112401,101.7990358,92.63743042,101.5604378,93.09398106,4.39544582,845395608,100.5317485,4.84,4.86
1/1/2013,80.89278202,90.9752,230.28,12.7219,96.90773,103.6228405,99.09815237,97.06574854,105.3435247,98.68416929,95.00958673,94.23084759,5.40787857,787097788,97.96715281,4.84,4.86
1/2/2013,81.29094297,90.5296,232.166,12.7144,97.43474,89.86471099,96.15029507,94.10795709,94.34372128,95.79998698,99.55000151,91.52314679,4.75052305,778364154,94.67153677,4.82,4.82
1/3/2013,81.88743314,89.8702,232.773,12.5745,97.81141,77.17679793,97.92476063,97.60220161,102.7279446,97.81610499,94.35006876,94.10130196,4.47565818,803483379,97.06707859,4.48,4.49
1/4/2013,81.94152293,89.8108,232.531,12.2249,97.69267,95.37160319,99.87695202,100.1721847,98.85930701,101.1722543,98.75967346,96.5524189,4.96199892,764627974,99.91967075,4.33,4.34
1/5/2013,81.66882024,90.1107,232.945,12.2522,97.74714,109.0784621,102.433418,101.8541124,101.1349443,102.4731853,103.6436567,102.1474311,4.91098239,772198529,102.2802369,4.32,4.32
1/6/2013,81.61923793,90.1655,233.504,12.9361,97.93629,115.6023786,98.61943913,99.20393728,97.86301851,99.98168896,95.3770862,103.8957093,4.99953497,773244201,99.5223602,4.3,4.31
1/7/2013,81.59219304,90.1954,233.596,12.7851,97.45347,102.6144305,100.6124419,100.8272028,99.12636419,100.8696071,100.273587,106.6027472,5.13158583,769509433,100.8103075,4.32,4.32
1/8/2013,81.82432839,89.9395,233.877,12.8704,98.15455,76.76809143,101.8324178,100.6082165,101.1189866,102.7774271,99.2642518,107.9667024,5.18310622,769244753,100.2732012,4.31,4.31
1/9/2013,82.13233968,89.6022,234.149,13.0925,98.63641,69.06407925,98.36631927,97.35396642,96.82843176,98.290556,98.69349716,104.8129111,5.305093,769835448,96.80600381,4.1,4.11
1/10/2013,82.52298816,89.178,233.546,13.0187,98.50806,94.55908803,104.909494,103.4508379,101.7699327,106.9578321,103.6839065,104.2009794,5.00978373,779988436,103.6681776,3.98,3.97
1/11/2013,83.29226516,88.3544,233.069,13.0634,98.81422,130.8947436,101.8681798,104.1712131,98.93760858,101.7931752,105.3205303,99.38598259,4.48462178,821135896,104.2288087,3.79,3.79
1/12/2013,83.7700583,87.8505,233.049,13.0098,99.11414,135.3827739,98.30812997,103.5824218,101.9462158,93.38401276,106.0741539,94.57982173,4.26655125,917875175,102.7854652,3.79,3.79
1/1/2014,84.51905163,90.4654,233.916,13.1981,98.66321,102.1076592,100.2508566,97.67199122,104.9045018,101.6260951,92.84040015,100.4943158,5.06851957,869142994,98.69303736,3.78,3.8
1/2/2014,84.73315704,90.2368,234.781,13.2888,99.52423,98.98699022,97.35589327,96.59054003,94.14794711,97.68475191,99.66245539,97.60453116,4.66156322,864384885,96.92768703,3.79,3.8
1/3/2014,84.96529239,89.9903,236.293,13.2154,100.4731,82.56405761,102.8094328,101.1164729,103.339863,105.0782944,97.10143306,104.6613721,4.79610667,858037679,101.1086359,3.8,3.81
1/4/2014,84.80677925,90.1585,237.072,13.0681,100.62,96.36428613,100.1565438,100.6150879,97.32098329,100.9325207,100.241768,104.9436349,4.85187491,873152161,100.3241582,3.81,3.81
1/5/2014,84.53557906,90.4477,237.9,12.9479,100.9224,115.4428324,105.0835461,104.2665872,100.8857872,106.9006543,104.1558692,110.3409552,4.94215861,875565293,104.8987445,3.8,3.82
1/6/2014,84.68207224,90.2913,238.343,12.9832,101.2599,116.1064994,102.4785839,102.3176162,96.98509056,104.953865,100.4636012,112.3051432,4.81508621,875844658,102.8082367,3.43,3.44
1/7/2014,84.91495883,90.0436,238.25,12.9734,101.4064,108.4628248,103.3584548,104.1881933,97.57457005,105.1166632,102.9144923,114.3358267,5.47044354,887166515,104.0398144,3.3,3.31
1/8/2014,85.21996514,89.7214,237.852,13.149,101.3284,81.7647067,103.6289201,101.7323272,99.67188785,104.4450431,103.0331738,116.6716789,5.18894986,886285426,101.7493378,3.3,3.31
1/9/2014,85.59633992,89.3269,238.031,13.2002,101.6273,72.01437085,101.8152192,100.4272126,95.02385844,103.6769624,101.856308,114.0553593,5.0922037,883140826,100.0036842,3.29,3.3
1/10/2014,86.06962558,88.8357,237.433,13.4768,101.6509,91.81737179,108.2901669,106.8914875,97.44302434,111.453263,110.902715,113.2034127,4.7754956,908610791,106.8930187,3.29,3.3
1/11/2014,86.76377787,88.1249,236.151,13.5819,102.4651,132.9093837,103.5664607,106.6636143,93.96035965,105.5826597,107.8881921,106.2446678,4.52768527,944939081,106.4348541,3.29,3.3
1/12/2014,87.18898371,87.6952,234.812,14.4266,102.3116,141.505795,102.1673596,107.9049007,96.02035335,100.3900019,111.6785568,102.8074938,3.75740583,1062892005,107.0065888,3.3,3.31
1/1/2015,87.11010277,91.4553,233.707,14.6757,101.7103,116.1215666,102.0323648,101.7404836,99.83028379,104.5006412,98.7585273,102.6193733,4.51312553,1024724921,102.294532,3.3,3.31
1/2/2015,87.27537713,91.2821,234.722,14.9167,101.2704,99.00861985,99.18166798,100.3674105,91.76921854,102.5857152,98.91116889,99.61742691,4.32517157,1025434231,99.91944672,3.3,3.31
1/3/2015,87.63071699,90.9119,236.119,15.2003,100.9498,81.07061119,104.2049002,106.2051524,99.39588912,108.5645507,99.26322572,105.4170989,3.86297662,1064272698,104.7278084,3.3,3.33
1/4/2015,87.40384038,92.3885,236.599,15.2228,100.4453,100.693773,101.6757033,104.8555276,90.71133824,105.2092549,103.8371139,105.4693151,4.31373113,1046381607,103.6378551,3.3,3.31
1/5/2015,86.96736583,92.8522,237.805,15.2555,99.97179,120.7778131,103.9228429,106.6188257,94.33593342,107.2362115,104.8052672,109.8752645,4.44613174,1057903659,106.1452396,3.3,3.31
1/6/2015,87.11310776,92.6968,238.638,15.4562,99.60829,111.9029311,103.5711882,108.7091809,92.43319819,108.6018748,101.7349749,112.2087465,4.40523922,1054390499,107.0550064,3.3,3.31
1/7/2015,87.24081976,92.5611,238.654,15.8881,100.1416,101.4801359,106.0771873,108.2264519,93.49288136,107.7342985,112.5593919,115.9072182,4.717361,1071939313,107.2791512,3.3,3.32
1/8/2015,87.42487529,92.3662,238.316,16.488,100.0336,83.80933961,106.0329555,106.1141459,95.56159144,108.8556794,107.3895167,118.9950575,4.68048476,1078993591,105.3817305,3.32,3.35
1/9/2015,87.75241902,92.0215,237.945,16.8372,99.64575,74.91611509,105.1027673,106.2727684,91.23249363,108.4001457,108.7806182,117.6035947,4.49763049,1072556866,104.8824512,3.33,3.36
1/10/2015,88.2039185,92.6608,237.838,16.602,99.28916,92.76624738,107.8619832,110.89056,93.8984467,113.835852,106.6116001,116.9901495,4.55122966,1095608243,109.2834289,3.31,3.32
1/11/2015,88.68546788,92.1577,237.336,16.6348,98.68915,129.1877965,103.6927348,110.7193032,90.06777095,107.1357304,108.02094,110.2698756,3.95955845,1118916442,108.9025933,3.32,3.38
1/12/2015,89.04681772,91.7837,236.525,17.0019,98.24466,145.5142022,102.7892968,111.9474708,92.43422,103.0369703,111.7965938,104.4376278,3.96267474,1239327041,109.8796332,3.42,3.5
1/1/2016,89.38638139,95.2753,236.916,17.978,98.97647,118.1210878,102.9932694,104.7798337,97.69131494,105.6613463,102.7093915,101.290493,4.2363687,1203744198,104.591059,3.56,3.59
1/2/2016,89.77778112,94.8599,237.111,18.4837,98.31507,102.4886461,102.4114424,106.3370983,91.34746883,106.6608818,104.2977302,100.4813162,4.14591136,1190668406,104.874557,3.75,3.78
1/3/2016,89.9100006,94.7204,238.132,17.7383,97.54521,79.88104206,103.2952151,108.8083938,94.88638782,107.0765817,103.1902774,103.6352264,3.73772355,1214340926,106.0112498,4.06,4.11
1/4/2016,89.62527796,95.0213,239.261,17.4924,97.74348,101.5418883,103.8533092,109.5874742,89.30066446,108.6318412,106.9206751,106.9680036,3.79895766,1200801859,107.3745671,4.06,4.12
1/5/2016,89.22561452,95.4469,240.229,18.0405,97.60246,113.8341746,104.9876065,111.2294534,91.29467311,108.656484,108.5879456,113.1117928,4.0338131,1221642781,109.1796064,4.08,4.14
1/6/2016,89.32402789,95.3418,241.018,18.6471,97.93533,127.5671882,105.017452,112.4661638,88.43975998,110.8719859,106.185341,115.7659131,3.93033896,1235273746,110.3988656,4.1,4.21
1/7/2016,89.55691448,95.0939,240.628,18.5699,98.12352,104.9089326,103.6633551,110.1911277,89.59206414,106.469632,108.0788371,118.6408272,4.00708718,1251299734,107.7944386,4.56,4.66
1/8/2016,89.80933349,94.8266,240.849,18.476,98.04849,90.00858481,106.3296459,111.7073739,89.55606205,112.8349011,106.0018049,118.5531144,4.0038332,1243634166,109.1848721,4.59,4.69
1/9/2016,90.35774385,94.2511,241.428,19.1386,97.91881,77.17305172,103.1848696,109.4986032,86.0409993,108.4376967,105.7775227,115.8951732,4.13839194,1251257900,106.3206392,4.61,4.72
1/10/2016,90.90615422,93.6825,241.729,18.948,98.03918,94.93836191,106.573807,114.1685463,88.81834389,112.4321023,109.3066768,115.0860318,3.67093013,1266174904,110.9667319,5.11,5.19
1/11/2016,91.61683394,92.9558,241.353,19.9425,97.82169,139.8877281,106.3133956,116.9869547,84.16112574,112.4329684,114.011913,108.2158995,3.51486793,1306229771,114.0645076,5.34,5.59
1/12/2016,92.0390348,92.5294,241.432,20.5137,98.74236,151.4726987,102.6275504,117.4936968,85.30627304,106.3965023,110.9570604,103.3848459,3.3710286,1419753503,113.4891106,5.84,6.02
1/1/2017,93.60388244,99.6963,242.839,21.3732,98.50374,132.7948335,103.9239663,110.101514,90.89697402,110.3314432,102.9481521,102.6841479,3.5924882,1382790720,108.7082953,6.13,6.28
1/2/2017,94.14478034,99.1235,243.603,20.3812,98.13687,98.86700198,100.3896274,108.5916053,79.50648207,108.0751199,104.0627995,99.72728665,3.3712941,1367859767,105.4826779,6.44,6.57
1/3/2017,94.72248933,98.519,243.801,19.4067,98.68079,84.6925707,108.0128555,115.4829665,87.24932399,117.1131226,108.7718091,106.3031819,3.1887216,1369314609,111.9584987,6.63,6.78
1/4/2017,94.83893263,98.398,244.524,18.7584,99.63298,104.4493603,99.25206115,110.5180383,82.5834219,106.7631867,98.09253972,104.4838586,3.46470519,1378915378,106.4779888,6.87,6.93
1/5/2017,94.72549432,98.5158,244.733,18.7862,99.63039,115.2586884,106.1554738,116.3944851,86.02424365,113.8144475,107.6476227,113.0389369,3.56226757,1374295827,112.8610805,6.98,7.05
1/6/2017,94.96363964,98.2688,244.955,18.1901,99.68697,133.1451473,105.0242387,116.5364423,83.60426148,113.2791256,105.696246,115.775849,3.2667071,1371216535,113.1287375,7.21,7.31
1/7/2017,95.32273574,97.8986,244.786,17.8513,99.54249,108.3899391,103.2044873,112.3285873,83.32967528,109.748945,105.7346665,115.4949796,3.41034128,1369986826,109.0874715,7.37,7.38
1/8/2017,95.79376765,97.4172,245.519,17.8078,99.13421,87.84016165,106.6664422,116.0099343,82.81847581,117.0332598,105.3874035,116.2733977,3.52564758,1353026215,111.9283364,7.38,7.39
1/9/2017,96.09351524,97.1133,246.819,17.7991,99.11539,79.13211212,101.676602,110.7206029,73.99052034,110.5653334,106.1322504,116.5846104,3.59753175,1352869144,106.6332991,7.38,7.39
1/10/2017,96.69826913,96.506,246.663,18.7247,100.6416,97.49940775,105.727881,117.1615079,80.6999392,115.5587783,107.6203216,110.8379465,3.50177064,1368872328,112.6347308,7.38,7.4
1/11/2017,97.69517399,95.5212,246.669,18.977,101.1503,150.6881067,104.9573941,120.0463483,77.96422342,115.1039168,107.7438122,111.5893038,3.41921411,1405915353,115.8602192,7.38,7.41
1/12/2017,98.27288299,104.8305,246.524,19.0625,101.6071,153.6599609,102.1930263,119.6029217,79.60165712,106.1244022,115.223571,102.8252878,3.12786122,1542611150,114.7318873,7.51,7.56
1/1/2018,98.7949997,104.2765,247.867,19.0025,101.2875,131.7099351,104.7677233,113.1081435,87.31907766,111.278538,107.7210567,103.8455303,3.38919158,1481027340,110.8468493,7.64,7.7
1/2/2018,99.17137448,103.8808,248.991,18.6282,101.7481,106.4583531,100.9879141,111.5593181,75.11057961,108.6119267,108.9559234,103.2758236,3.20505718,1475977346,107.7870995,7.78,7.84
1/3/2018,99.49215698,103.5459,249.554,18.6839,102.2594,89.46248678,103.8468614,116.2120137,80.57861079,114.0065284,104.5497929,103.068261,2.93962909,1519655129,111.1431238,7.83,7.86
1/4/2018,99.15484705,103.8981,250.546,18.3464,103.4252,108.0591263,102.8952543,115.9127556,78.53136759,112.2638606,104.6082816,110.6379675,3.398701,1492536593,111.2180144,7.84,7.86
1/5/2018,98.99408017,104.0668,251.588,19.4894,102.5757,124.2203289,106.3540187,119.8240681,80.42372922,116.8743026,107.5945162,111.6842126,3.22184807,1502800404,115.3617561,7.85,7.89
1/6/2018,99.37646493,103.6664,251.989,20.3105,103.2157,126.803507,105.2982765,118.7774903,77.9778619,115.6991364,106.6278041,118.0190766,3.38527594,1532412481,114.4267237,7.93,8.02
1/7/2018,99.9090991,103.1137,252.006,19.1171,103.6501,111.8947645,104.5833468,117.3721113,77.3032745,112.3566197,110.6152417,121.531101,3.47763888,1526363143,112.8305784,8.1,8.15
1/8/2018,100.492,102.5156,252.146,18.8089,106.5,90.41774979,106.9279687,118.922446,79.49744092,119.5961252,103.3998873,120.3263104,3.46852407,1518453527,113.9247226,8.11,8.14
1/9/2018,100.917,102.0839,252.439,19.0539,106,79.99663432,103.4950487,113.1324628,75.94413516,113.1372822,105.647529,121.2335273,3.60037254,1506101408,108.7935708,8.11,8.17
1/10/2018,101.44,101.5576,252.885,19.0638,106,94.73022619,106.7812698,121.9405587,76.11468778,118.5521527,109.1041284,115.924799,3.23839404,1525826761,115.9026676,8.12,8.17
1/11/2018,102.303,100.7009,252.038,20.25,104.5,159.0163868,103.6828491,123.7283905,71.81854673,116.9876049,103.9504849,112.4870396,3.26346553,1564619117,117.9959417,8.25,8.37
1/12/2018,103.02,100,251.233,20.1775,103.6,160.9505337,99.59219834,120.7244534,72.93829192,106.3431758,110.2495466,101.4280129,3.35449462,1673205362,114.7768067,8.41,8.5
1/1/2019,103.108,116.1072,251.712,19.2154,105.6,136.6750716,103.7504104,115.628692,78.46477829,112.7100576,109.1016675,102.119335,3.56775405,1602739439,112.2361401,8.59,8.62
1/2/2019,103.079,116.1399,252.776,19.1902,105.4,116.2289994,100.1849538,113.4073929,70.2775986,109.8493417,107.720439,102.1232799,3.29943176,1577930231,108.9799131,8.56,8.57
1/3/2019,103.476,115.6943,254.202,19.2339,,,,,,,,,3.24544326,1559571976,,8.52,8.52
1/4/2019,103.531,,255.548,19.0231,,,,,,,,,,1569275220,,8.5,8.5
1/5/2019,,,,,,,,,,,,,,,,,
